{
    "name": "root",
    "gauges": {
        "AgentBehavior.Policy.Entropy.mean": {
            "value": 1.5898462533950806,
            "min": 1.5898462533950806,
            "max": 1.8908650875091553,
            "count": 2
        },
        "AgentBehavior.Policy.Entropy.sum": {
            "value": 16280.025390625,
            "min": 16280.025390625,
            "max": 19362.458984375,
            "count": 2
        },
        "AgentBehavior.Step.mean": {
            "value": 19968.0,
            "min": 9984.0,
            "max": 19968.0,
            "count": 2
        },
        "AgentBehavior.Step.sum": {
            "value": 19968.0,
            "min": 9984.0,
            "max": 19968.0,
            "count": 2
        },
        "AgentBehavior.Policy.ExtrinsicValueEstimate.mean": {
            "value": 0.039643652737140656,
            "min": 0.039643652737140656,
            "max": 0.5591813921928406,
            "count": 2
        },
        "AgentBehavior.Policy.ExtrinsicValueEstimate.sum": {
            "value": 6.184410095214844,
            "min": 6.184410095214844,
            "max": 87.2322998046875,
            "count": 2
        },
        "AgentBehavior.Losses.PolicyLoss.mean": {
            "value": 0.2499851789371319,
            "min": 0.2499851789371319,
            "max": 0.2502937153613182,
            "count": 2
        },
        "AgentBehavior.Losses.PolicyLoss.sum": {
            "value": 4.999703578742638,
            "min": 4.755580591865046,
            "max": 4.999703578742638,
            "count": 2
        },
        "AgentBehavior.Losses.ValueLoss.mean": {
            "value": 0.005923096926039353,
            "min": 0.005923096926039353,
            "max": 0.016070052682894694,
            "count": 2
        },
        "AgentBehavior.Losses.ValueLoss.sum": {
            "value": 0.11846193852078706,
            "min": 0.11846193852078706,
            "max": 0.30533100097499916,
            "count": 2
        },
        "AgentBehavior.Policy.LearningRate.mean": {
            "value": 0.0002909376030208,
            "min": 0.0002909376030208,
            "max": 0.00029692800102399996,
            "count": 2
        },
        "AgentBehavior.Policy.LearningRate.sum": {
            "value": 0.005818752060416,
            "min": 0.005641632019455999,
            "max": 0.005818752060416,
            "count": 2
        },
        "AgentBehavior.Policy.Epsilon.mean": {
            "value": 0.19697920000000002,
            "min": 0.19697920000000002,
            "max": 0.198976,
            "count": 2
        },
        "AgentBehavior.Policy.Epsilon.sum": {
            "value": 3.9395840000000004,
            "min": 3.780544,
            "max": 3.9395840000000004,
            "count": 2
        },
        "AgentBehavior.Policy.Beta.mean": {
            "value": 0.0005000000000000002,
            "min": 0.0005000000000000001,
            "max": 0.0005000000000000002,
            "count": 2
        },
        "AgentBehavior.Policy.Beta.sum": {
            "value": 0.010000000000000004,
            "min": 0.009500000000000003,
            "max": 0.010000000000000004,
            "count": 2
        },
        "AgentBehavior.IsTraining.mean": {
            "value": 1.0,
            "min": 1.0,
            "max": 1.0,
            "count": 2
        },
        "AgentBehavior.IsTraining.sum": {
            "value": 1.0,
            "min": 1.0,
            "max": 1.0,
            "count": 2
        }
    },
    "metadata": {
        "timer_format_version": "0.1.0",
        "start_time_seconds": "1698938260",
        "python_version": "3.9.18 (main, Aug 25 2023, 13:20:14) \n[GCC 11.4.0]",
        "command_line_arguments": "/home/mlagents/src/venv/bin/mlagents-learn --run-id  --num-areas 8 ./configs/agent_01.yaml --force",
        "mlagents_version": "0.30.0",
        "mlagents_envs_version": "0.30.0",
        "communication_protocol_version": "1.5.0",
        "pytorch_version": "1.11.0+cu102",
        "numpy_version": "1.21.2",
        "end_time_seconds": "1698938319"
    },
    "total": 59.343971477000196,
    "count": 1,
    "self": 0.007534597999892867,
    "children": {
        "run_training.setup": {
            "total": 0.1019673910000165,
            "count": 1,
            "self": 0.1019673910000165
        },
        "TrainerController.start_learning": {
            "total": 59.234469488000286,
            "count": 1,
            "self": 0.04319054999677974,
            "children": {
                "TrainerController._reset_env": {
                    "total": 16.536563843000295,
                    "count": 1,
                    "self": 16.536563843000295
                },
                "TrainerController.advance": {
                    "total": 42.4790263120035,
                    "count": 3321,
                    "self": 0.035325065982306114,
                    "children": {
                        "env_step": {
                            "total": 30.119529898004657,
                            "count": 3321,
                            "self": 27.996784738009865,
                            "children": {
                                "SubprocessEnvManager._take_step": {
                                    "total": 2.0973308439856737,
                                    "count": 3321,
                                    "self": 0.102780907984652,
                                    "children": {
                                        "TorchPolicy.evaluate": {
                                            "total": 1.9945499360010217,
                                            "count": 3321,
                                            "self": 1.9945499360010217
                                        }
                                    }
                                },
                                "workers": {
                                    "total": 0.02541431600911892,
                                    "count": 3320,
                                    "self": 0.0,
                                    "children": {
                                        "worker_root": {
                                            "total": 51.81698446800874,
                                            "count": 3320,
                                            "is_parallel": true,
                                            "self": 33.151716878021034,
                                            "children": {
                                                "run_training.setup": {
                                                    "total": 0.0,
                                                    "count": 0,
                                                    "is_parallel": true,
                                                    "self": 0.0,
                                                    "children": {
                                                        "steps_from_proto": {
                                                            "total": 0.004031860999930359,
                                                            "count": 1,
                                                            "is_parallel": true,
                                                            "self": 0.0027555839997148723,
                                                            "children": {
                                                                "_process_rank_one_or_two_observation": {
                                                                    "total": 0.0012762770002154866,
                                                                    "count": 2,
                                                                    "is_parallel": true,