{"count":1,"self":11.1194512,"total":35.6092144,"children":{"InitializeActuators":{"count":8,"self":0.0025280999999999997,"total":0.0025280999999999997,"children":null},"InitializeSensors":{"count":8,"self":0.0015026999999999998,"total":0.0015026999999999998,"children":null},"AgentSendState":{"count":16617,"self":0.0550339,"total":0.31181529999999996,"children":{"CollectObservations":{"count":26592,"self":0.0239475,"total":0.0239475,"children":null},"WriteActionMask":{"count":26592,"self":0.0109277,"total":0.0109277,"children":null},"RequestDecision":{"count":26592,"self":0.09566849999999999,"total":0.2219062,"children":{"AgentInfo.ToProto":{"count":26592,"self":0.042377899999999996,"total":0.12623769999999998,"children":{"GenerateSensorData":{"count":26592,"self":0.0838598,"total":0.0838598,"children":null}}}}}}},"DecideAction":{"count":16617,"self":23.127465599999997,"total":23.1274659,"children":null},"AgentAct":{"count":16617,"self":1.0453675,"total":1.0453675,"children":null}},"gauges":{},"metadata":{"timer_format_version":"0.1.0","start_time_seconds":"1698938276","unity_version":"2022.3.11f1","command_line_arguments":"C:\\Program Files\\Unity\\Hub\\Editor\\2022.3.11f1\\Editor\\Unity.exe -projectpath C:\\src\\MLAgents_URP -useHub -hubIPC -cloudEnvironment production","communication_protocol_version":"1.5.0","com.unity.ml-agents_version":"2.3.0-exp.3","scene_name":"MLAgents","end_time_seconds":"1698938312"}}