{
    "name": "root",
    "gauges": {
        "AgentBehavior.Policy.Entropy.mean": {
            "value": 0.6921493411064148,
            "min": 0.21566034853458405,
            "max": 1.214011549949646,
            "count": 5
        },
        "AgentBehavior.Policy.Entropy.sum": {
            "value": 6976.865234375,
            "min": 2139.3505859375,
            "max": 12237.236328125,
            "count": 5
        },
        "AgentBehavior.Environment.EpisodeLength.mean": {
            "value": 19.0,
            "min": 19.0,
            "max": 19.0,
            "count": 5
        },
        "AgentBehavior.Environment.EpisodeLength.sum": {
            "value": 9576.0,
            "min": 9424.0,
            "max": 9576.0,
            "count": 5
        },
        "AgentBehavior.Step.mean": {
            "value": 49980.0,
            "min": 9980.0,
            "max": 49980.0,
            "count": 5
        },
        "AgentBehavior.Step.sum": {
            "value": 49980.0,
            "min": 9980.0,
            "max": 49980.0,
            "count": 5
        },
        "AgentBehavior.Policy.ExtrinsicValueEstimate.mean": {
            "value": 0.7130146622657776,
            "min": -0.017934124916791916,
            "max": 1.389007806777954,
            "count": 5
        },
        "AgentBehavior.Policy.ExtrinsicValueEstimate.sum": {
            "value": 356.50732421875,
            "min": -8.967061996459961,
            "max": 693.1148681640625,
            "count": 5
        },
        "AgentBehavior.Environment.CumulativeReward.mean": {
            "value": 0.38416340403922367,
            "min": -0.0009499398899497464,
            "max": 0.38416340403922367,
            "count": 5
        },
        "AgentBehavior.Environment.CumulativeReward.sum": {
            "value": 192.08170201961184,
            "min": -0.4749699449748732,
            "max": 192.08170201961184,
            "count": 5
        },
        "AgentBehavior.Policy.ExtrinsicReward.mean": {
            "value": 0.38416340403922367,
            "min": -0.0009499398899497464,
            "max": 0.38416340403922367,
            "count": 5
        },
        "AgentBehavior.Policy.ExtrinsicReward.sum": {
            "value": 192.08170201961184,
            "min": -0.4749699449748732,
            "max": 192.08170201961184,
            "count": 5
        },
        "AgentBehavior.Losses.PolicyLoss.mean": {
            "value": 0.24539843450251433,
            "min": 0.24009294024460445,
            "max": 0.2457429769146984,
            "count": 5
        },
        "AgentBehavior.Losses.PolicyLoss.sum": {
            "value": 15.460101373658404,
            "min": 14.885762295165476,
            "max": 15.460101373658404,
            "count": 5
        },
        "AgentBehavior.Losses.ValueLoss.mean": {
            "value": 0.3211099316439007,
            "min": 0.00019871049764066799,
            "max": 0.3211099316439007,
            "count": 5
        },
        "AgentBehavior.Losses.ValueLoss.sum": {
            "value": 20.229925693565747,
            "min": 0.012320050853721416,
            "max": 20.229925693565747,
            "count": 5
        },
        "AgentBehavior.Policy.LearningRate.mean": {
            "value": 3.0240089920000003e-05,
            "min": 3.0240089920000003e-05,
            "max": 0.00026976001007999995,
            "count": 5
        },
        "AgentBehavior.Policy.LearningRate.sum": {
            "value": 0.0019051256649600002,
            "min": 0.0019051256649600002,
            "max": 0.016725120624959997,
            "count": 5
        },
        "AgentBehavior.Policy.Epsilon.mean": {
            "value": 0.11008000000000001,
            "min": 0.11008000000000001,
            "max": 0.18992,
            "count": 5
        },
        "AgentBehavior.Policy.Epsilon.sum": {
            "value": 6.935040000000001,
            "min": 6.935040000000001,
            "max": 11.77504,
            "count": 5
        },
        "AgentBehavior.Policy.Beta.mean": {
            "value": 0.0005,
            "min": 0.0005,
            "max": 0.0005,
            "count": 5
        },
        "AgentBehavior.Policy.Beta.sum": {
            "value": 0.0315,
            "min": 0.031000000000000003,
            "max": 0.0315,
            "count": 5
        },
        "AgentBehavior.IsTraining.mean": {
            "value": 1.0,
            "min": 1.0,
            "max": 1.0,
            "count": 5
        },
        "AgentBehavior.IsTraining.sum": {
            "value": 1.0,
            "min": 1.0,
            "max": 1.0,
            "count": 5
        }
    },
    "metadata": {
        "timer_format_version": "0.1.0",
        "start_time_seconds": "1686658515",
        "python_version": "3.10.6 (main, May 29 2023, 11:10:38) [GCC 11.3.0]",
        "command_line_arguments": "/home/mlagents/src/venv/bin/mlagents-learn --run-id agent_02 --force --num-areas 8 ./agent.yaml",
        "mlagents_version": "0.30.0",
        "mlagents_envs_version": "0.30.0",
        "communication_protocol_version": "1.5.0",
        "pytorch_version": "1.11.0+cu102",
        "numpy_version": "1.21.2",
        "end_time_seconds": "1686658589"
    },
    "total": 74.43052498500037,
    "count": 1,
    "self": 0.003733707999344915,
    "children": {
        "run_training.setup": {
            "total": 0.006244460000743857,
            "count": 1,
            "self": 0.006244460000743857
        },
        "TrainerController.start_learning": {
            "total": 74.42054681700029,
            "count": 1,
            "self": 0.06943832572869724,
            "children": {
                "TrainerController._reset_env": {
                    "total": 5.687144561998139,
                    "count": 1,
                    "self": 5.687144561998139
                },
                "TrainerController.advance": {
                    "total": 68.610607199269,
                    "count": 6260,
                    "self": 0.05936022020614473,
                    "children": {
                        "env_step": {
                            "total": 34.94659733307344,
                            "count": 6260,
                            "self": 31.11383191432469,
                            "children": {
                                "SubprocessEnvManager._take_step": {
                                    "total": 3.789652700892475,
                                    "count": 6260,
                                    "self": 0.20637825483936467,
                                    "children": {
                                        "TorchPolicy.evaluate": {
                                            "total": 3.5832744460531103,
                                            "count": 6260,
                                            "self": 3.5832744460531103
                                        }
                                    }
                                },
                                "workers": {
                                    "total": 0.043112717856274685,
                                    "count": 6260,
                                    "self": 0.0,
                                    "children": {
                                        "worker_root": {
                                            "total": 74.27699365113585,
                                            "count": 6260,
                                            "is_parallel": true,
                                            "self": 46.91007346328479,
                                            "children": {
                                                "run_training.setup": {
                                                    "total": 0.0,
                                                    "count": 0,
                                                    "is_parallel": true,
                                                    "self": 0.0,