{
    "name": "root",
    "gauges": {
        "AgentBehavior.Policy.Entropy.mean": {
            "value": 0.2286209911108017,
            "min": 0.18229469656944275,
            "max": 1.5576587915420532,
            "count": 32
        },
        "AgentBehavior.Policy.Entropy.sum": {
            "value": 2286.2099609375,
            "min": 1822.947021484375,
            "max": 15576.587890625,
            "count": 32
        },
        "AgentBehavior.Environment.EpisodeLength.mean": {
            "value": 19.0,
            "min": 19.0,
            "max": 19.0,
            "count": 32
        },
        "AgentBehavior.Environment.EpisodeLength.sum": {
            "value": 9500.0,
            "min": 9500.0,
            "max": 9500.0,
            "count": 32
        },
        "AgentBehavior.Step.mean": {
            "value": 319980.0,
            "min": 9980.0,
            "max": 319980.0,
            "count": 32
        },
        "AgentBehavior.Step.sum": {
            "value": 319980.0,
            "min": 9980.0,
            "max": 319980.0,
            "count": 32
        },
        "AgentBehavior.Policy.ExtrinsicValueEstimate.mean": {
            "value": -0.0006287624128162861,
            "min": -0.027386730536818504,
            "max": 0.48927241563796997,
            "count": 32
        },
        "AgentBehavior.Policy.ExtrinsicValueEstimate.sum": {
            "value": -0.3143812119960785,
            "min": -13.693365097045898,
            "max": 244.63621520996094,
            "count": 32
        },
        "AgentBehavior.Environment.CumulativeReward.mean": {
            "value": -4.7159997739072426e-05,
            "min": -0.0005816199509863509,
            "max": 0.013328116248098256,
            "count": 32
        },
        "AgentBehavior.Environment.CumulativeReward.sum": {
            "value": -0.02357999886953621,
            "min": -0.29080997549317544,
            "max": 6.65073000780103,
            "count": 32
        },
        "AgentBehavior.Policy.ExtrinsicReward.mean": {
            "value": -4.7159997739072426e-05,
            "min": -0.0005816199509863509,
            "max": 0.013328116248098256,
            "count": 32
        },
        "AgentBehavior.Policy.ExtrinsicReward.sum": {
            "value": -0.02357999886953621,
            "min": -0.29080997549317544,
            "max": 6.65073000780103,
            "count": 32
        },
        "AgentBehavior.Losses.PolicyLoss.mean": {
            "value": 0.24828899532220874,
            "min": 0.23739360014714567,
            "max": 0.2547315005051126,
            "count": 32
        },
        "AgentBehavior.Losses.PolicyLoss.sum": {
            "value": 12.414449766110437,
            "min": 11.869680007357283,
            "max": 12.6248366907798,
            "count": 32
        },
        "AgentBehavior.Losses.ValueLoss.mean": {
            "value": 3.457261256783361e-06,
            "min": 1.6779004660304835e-06,
            "max": 0.010076575916066751,
            "count": 32
        },
        "AgentBehavior.Losses.ValueLoss.sum": {
            "value": 0.00017286306283916805,
            "min": 8.389502330152417e-05,
            "max": 0.4937522198872708,
            "count": 32
        },
        "AgentBehavior.Policy.LearningRate.mean": {
            "value": 0.00011106006298,
            "min": 0.00011106006298,
            "max": 0.00029700000100000006,
            "count": 32
        },
        "AgentBehavior.Policy.LearningRate.sum": {
            "value": 0.005553003149,
            "min": 0.005553003149,
            "max": 0.014553000148999996,
            "count": 32
        },
        "AgentBehavior.Policy.Epsilon.mean": {
            "value": 0.13702,
            "min": 0.13702,
            "max": 0.19900000000000004,
            "count": 32
        },
        "AgentBehavior.Policy.Epsilon.sum": {
            "value": 6.851,
            "min": 6.851,
            "max": 9.851,
            "count": 32
        },
        "AgentBehavior.Policy.Beta.mean": {
            "value": 0.0005,
            "min": 0.0005,
            "max": 0.0005,
            "count": 32
        },
        "AgentBehavior.Policy.Beta.sum": {
            "value": 0.025,
            "min": 0.0245,
            "max": 0.025,
            "count": 32
        },
        "AgentBehavior.IsTraining.mean": {
            "value": 1.0,
            "min": 1.0,
            "max": 1.0,
            "count": 32
        },
        "AgentBehavior.IsTraining.sum": {
            "value": 1.0,
            "min": 1.0,
            "max": 1.0,
            "count": 32
        }
    },
    "metadata": {
        "timer_format_version": "0.1.0",
        "start_time_seconds": "1686656962",
        "python_version": "3.10.6 (main, May 29 2023, 11:10:38) [GCC 11.3.0]",
        "command_line_arguments": "/home/mlagents/src/venv/bin/mlagents-learn --run-id agent_01 --force --num-areas 10 ./agent.yaml",
        "mlagents_version": "0.30.0",
        "mlagents_envs_version": "0.30.0",
        "communication_protocol_version": "1.5.0",
        "pytorch_version": "1.11.0+cu102",
        "numpy_version": "1.21.2",
        "end_time_seconds": "1686657397"
    },
    "total": 435.14978066500043,
    "count": 1,
    "self": 0.0037641840026481077,
    "children": {
        "run_training.setup": {
            "total": 0.006632266999076819,
            "count": 1,
            "self": 0.006632266999076819
        },
        "TrainerController.start_learning": {
            "total": 435.1393842139987,
            "count": 1,
            "self": 0.3319853746579611,
            "children": {
                "TrainerController._reset_env": {
                    "total": 12.004755237998324,
                    "count": 1,
                    "self": 12.004755237998324
                },
                "TrainerController.advance": {
                    "total": 422.74851584234057,
                    "count": 32401,
                    "self": 0.31332433114585,
                    "children": {
                        "env_step": {
                            "total": 208.5690653799793,
                            "count": 32401,
                            "self": 188.51294255326866,
                            "children": {
                                "SubprocessEnvManager._take_step": {
                                    "total": 19.839368373784964,
                                    "count": 32401,
                                    "self": 1.1098203079309314,
                                    "children": {
                                        "TorchPolicy.evaluate": {
                                            "total": 18.729548065854033,
                                            "count": 32401,
                                            "self": 18.729548065854033
                                        }
                                    }
                                },
                                "workers": {
                                    "total": 0.2167544529256702,
                                    "count": 32400,
                                    "self": 0.0,
                                    "children": {
                                        "worker_root": {
                                            "total": 432.5086946747833,
                                            "count": 32400,
                                            "is_parallel": true,
                                            "self": 266.66849594180894,
                                            "children": {
                                                "run_training.setup": {
                                                    "total": 0.0,
                                                    "count": 0,
                                                    "is_parallel": true,
                                                    "self": 0.0,